{
  "Effect": {
    "Gradient": {
      "Overlay": {
        "light-stop": {
          "value": "#ffffff",
          "type": "color",
          "description": "",
          "parent": "2 - Themes T - Z/Zitronengelb"
        },
        "light-start": {
          "value": "{Effect.Gradient.Overlay.light-start}",
          "type": "color",
          "description": "",
          "parent": "2 - Themes T - Z/Zitronengelb"
        },
        "dark-start": {
          "value": "{Effect.Gradient.Overlay.dark-start}",
          "type": "color",
          "description": "",
          "parent": "2 - Themes T - Z/Zitronengelb"
        },
        "dark-stop": {
          "value": "{black}",
          "type": "color",
          "description": "",
          "parent": "2 - Themes T - Z/Zitronengelb"
        },
        "dark-start-fixed": {
          "value": "{Effect.Gradient.Overlay.dark-start-fixed}",
          "type": "color",
          "description": "",
          "parent": "2 - Themes T - Z/Zitronengelb"
        },
        "dark-stop-fixed": {
          "value": "{black}",
          "type": "color",
          "description": "",
          "parent": "2 - Themes T - Z/Zitronengelb"
        }
      },
      "primary-100": {
        "value": "{Background.bg-primary-subtle}",
        "type": "color",
        "description": "",
        "parent": "2 - Themes T - Z/Zitronengelb"
      },
      "accent-0": {
        "value": "{Effect.Gradient.accent-0}",
        "type": "color",
        "description": "",
        "parent": "2 - Themes T - Z/Zitronengelb"
      },
      "accent-100": {
        "value": "{Effect.Gradient.accent-100}",
        "type": "color",
        "description": "",
        "parent": "2 - Themes T - Z/Zitronengelb"
      },
      "primary-0": {
        "value": "{Background.bg-primary}",
        "type": "color",
        "description": "",
        "parent": "2 - Themes T - Z/Zitronengelb"
      }
    },
    "Shadow": {
      "light-inner": {
        "value": "{Effect.Shadow.light-inner}",
        "type": "color",
        "description": "",
        "parent": "2 - Themes T - Z/Zitronengelb"
      },
      "light-outer": {
        "value": "{Effect.Shadow.light-outer}",
        "type": "color",
        "description": "",
        "parent": "2 - Themes T - Z/Zitronengelb"
      },
      "Dark": {
        "50": {
          "value": "{Effect.Shadow.Dark.50}",
          "type": "color",
          "description": "",
          "parent": "2 - Themes T - Z/Zitronengelb"
        },
        "100": {
          "value": "{Effect.Shadow.Dark.100}",
          "type": "color",
          "description": "",
          "parent": "2 - Themes T - Z/Zitronengelb"
        }
      }
    }
  },
  "Background": {
    "bg-page": {
      "value": "{Background.bg-page}",
      "type": "color",
      "description": "",
      "parent": "2 - Themes T - Z/Zitronengelb"
    },
    "bg-body": {
      "value": "{Background.bg-body}",
      "type": "color",
      "description": "",
      "parent": "2 - Themes T - Z/Zitronengelb"
    },
    "bg-surface": {
      "value": "{Background.bg-surface}",
      "type": "color",
      "description": "",
      "parent": "2 - Themes T - Z/Zitronengelb"
    },
    "bg-surface-invert": {
      "value": "{Background.bg-surface-invert}",
      "type": "color",
      "description": "",
      "parent": "2 - Themes T - Z/Zitronengelb"
    },
    "bg-surface-raised": {
      "value": "{Background.bg-surface-raised}",
      "type": "color",
      "description": "",
      "parent": "2 - Themes T - Z/Zitronengelb"
    },
    "bg-strong": {
      "value": "{Background.bg-strong}",
      "type": "color",
      "description": "",
      "parent": "2 - Themes T - Z/Zitronengelb"
    },
    "bg-subtle": {
      "value": "{Background.bg-subtle}",
      "type": "color",
      "description": "",
      "parent": "2 - Themes T - Z/Zitronengelb"
    },
    "bg-muted": {
      "value": "{Background.bg-muted}",
      "type": "color",
      "description": "",
      "parent": "2 - Themes T - Z/Zitronengelb"
    },
    "bg-input": {
      "value": "{Background.bg-input}",
      "type": "color",
      "description": "",
      "parent": "2 - Themes T - Z/Zitronengelb"
    },
    "bg-input-hover": {
      "value": "{Background.bg-input-hover}",
      "type": "color",
      "description": "",
      "parent": "2 - Themes T - Z/Zitronengelb"
    },
    "bg-input-focus": {
      "value": "{Background.bg-input-focus}",
      "type": "color",
      "description": "",
      "parent": "2 - Themes T - Z/Zitronengelb"
    },
    "bg-input-disabled": {
      "value": "{Background.bg-input-disabled}",
      "type": "color",
      "description": "",
      "parent": "2 - Themes T - Z/Zitronengelb"
    },
    "bg-primary": {
      "value": "{Background.bg-primary}",
      "type": "color",
      "description": "",
      "parent": "2 - Themes T - Z/Zitronengelb"
    },
    "bg-primary-hover": {
      "value": "{Background.bg-primary-hover}",
      "type": "color",
      "description": "",
      "parent": "2 - Themes T - Z/Zitronengelb"
    },
    "bg-primary-subtle": {
      "value": "{Background.bg-primary-subtle}",
      "type": "color",
      "description": "",
      "parent": "2 - Themes T - Z/Zitronengelb"
    },
    "bg-primary-subtle-hover": {
      "value": "{Background.bg-primary-subtle-hover}",
      "type": "color",
      "description": "",
      "parent": "2 - Themes T - Z/Zitronengelb"
    },
    "bg-primary-active": {
      "value": "{Background.bg-primary-active}",
      "type": "color",
      "description": "",
      "parent": "2 - Themes T - Z/Zitronengelb"
    },
    "bg-primary-disabled": {
      "value": "{Background.bg-primary-disabled}",
      "type": "color",
      "description": "",
      "parent": "2 - Themes T - Z/Zitronengelb"
    },
    "bg-primary-muted": {
      "value": "{Background.bg-primary-muted}",
      "type": "color",
      "description": "",
      "parent": "2 - Themes T - Z/Zitronengelb"
    },
    "bg-success": {
      "value": "{Background.bg-success}",
      "type": "color",
      "description": "",
      "parent": "2 - Themes T - Z/Zitronengelb"
    },
    "bg-success-hover": {
      "value": "{Background.bg-success-hover}",
      "type": "color",
      "description": "",
      "parent": "2 - Themes T - Z/Zitronengelb"
    },
    "bg-success-muted": {
      "value": "{Background.bg-success-muted}",
      "type": "color",
      "description": "",
      "parent": "2 - Themes T - Z/Zitronengelb"
    },
    "bg-warning": {
      "value": "{Background.bg-warning}",
      "type": "color",
      "description": "",
      "parent": "2 - Themes T - Z/Zitronengelb"
    },
    "bg-warning-hover": {
      "value": "{Background.bg-warning-hover}",
      "type": "color",
      "description": "",
      "parent": "2 - Themes T - Z/Zitronengelb"
    },
    "bg-warning-muted": {
      "value": "{Background.bg-warning-muted}",
      "type": "color",
      "description": "",
      "parent": "2 - Themes T - Z/Zitronengelb"
    },
    "bg-error": {
      "value": "{Background.bg-error}",
      "type": "color",
      "description": "",
      "parent": "2 - Themes T - Z/Zitronengelb"
    },
    "bg-error-hover": {
      "value": "{Background.bg-error-hover}",
      "type": "color",
      "description": "",
      "parent": "2 - Themes T - Z/Zitronengelb"
    },
    "bg-error-muted": {
      "value": "{Background.bg-error-muted}",
      "type": "color",
      "description": "",
      "parent": "2 - Themes T - Z/Zitronengelb"
    },
    "bg-info": {
      "value": "{Background.bg-info}",
      "type": "color",
      "description": "",
      "parent": "2 - Themes T - Z/Zitronengelb"
    },
    "bg-info-hover": {
      "value": "{Background.bg-info-hover}",
      "type": "color",
      "description": "",
      "parent": "2 - Themes T - Z/Zitronengelb"
    },
    "bg-info-muted": {
      "value": "{Background.bg-info-muted}",
      "type": "color",
      "description": "",
      "parent": "2 - Themes T - Z/Zitronengelb"
    }
  },
  "Border": {
    "border-container": {
      "value": "{Border.border-container}",
      "type": "color",
      "description": "",
      "parent": "2 - Themes T - Z/Zitronengelb"
    },
    "border-strong": {
      "value": "{Border.border-strong}",
      "type": "color",
      "description": "",
      "parent": "2 - Themes T - Z/Zitronengelb"
    },
    "border-subtle": {
      "value": "{Border.border-subtle}",
      "type": "color",
      "description": "",
      "parent": "2 - Themes T - Z/Zitronengelb"
    },
    "border-inactive": {
      "value": "{Border.border-inactive}",
      "type": "color",
      "description": "",
      "parent": "2 - Themes T - Z/Zitronengelb"
    },
    "border-input": {
      "value": "{Border.border-input}",
      "type": "color",
      "description": "",
      "parent": "2 - Themes T - Z/Zitronengelb"
    },
    "border-input-hover": {
      "value": "{Border.border-input-hover}",
      "type": "color",
      "description": "",
      "parent": "2 - Themes T - Z/Zitronengelb"
    },
    "border-input-focus": {
      "value": "{Border.border-input-focus}",
      "type": "color",
      "description": "",
      "parent": "2 - Themes T - Z/Zitronengelb"
    },
    "border-input-disabled": {
      "value": "{Border.border-input-disabled}",
      "type": "color",
      "description": "",
      "parent": "2 - Themes T - Z/Zitronengelb"
    },
    "border-primary": {
      "value": "{Border.border-primary}",
      "type": "color",
      "description": "",
      "parent": "2 - Themes T - Z/Zitronengelb"
    },
    "border-primary-hover": {
      "value": "{Border.border-primary-hover}",
      "type": "color",
      "description": "",
      "parent": "2 - Themes T - Z/Zitronengelb"
    },
    "border-primary-subtle": {
      "value": "{Border.border-primary-subtle}",
      "type": "color",
      "description": "",
      "parent": "2 - Themes T - Z/Zitronengelb"
    },
    "border-primary-subtle-hover": {
      "value": "{Border.border-primary-subtle-hover}",
      "type": "color",
      "description": "",
      "parent": "2 - Themes T - Z/Zitronengelb"
    },
    "border-primary-focus": {
      "value": "{Border.border-primary-focus}",
      "type": "color",
      "description": "",
      "parent": "2 - Themes T - Z/Zitronengelb"
    },
    "border-primary-active": {
      "value": "{Border.border-primary-active}",
      "type": "color",
      "description": "",
      "parent": "2 - Themes T - Z/Zitronengelb"
    },
    "border-primary-disabled": {
      "value": "{Border.border-primary-disabled}",
      "type": "color",
      "description": "",
      "parent": "2 - Themes T - Z/Zitronengelb"
    },
    "border-strong-on-primary": {
      "value": "{Border.border-strong-on-primary}",
      "type": "color",
      "description": "",
      "parent": "2 - Themes T - Z/Zitronengelb"
    },
    "border-success": {
      "value": "{Border.border-success}",
      "type": "color",
      "description": "",
      "parent": "2 - Themes T - Z/Zitronengelb"
    },
    "border-warning": {
      "value": "{Border.border-warning}",
      "type": "color",
      "description": "",
      "parent": "2 - Themes T - Z/Zitronengelb"
    },
    "border-error": {
      "value": "{Border.border-error}",
      "type": "color",
      "description": "",
      "parent": "2 - Themes T - Z/Zitronengelb"
    },
    "border-info": {
      "value": "{Border.border-info}",
      "type": "color",
      "description": "",
      "parent": "2 - Themes T - Z/Zitronengelb"
    }
  },
  "Icon": {
    "icon-default": {
      "value": "{Icon.icon-default}",
      "type": "color",
      "description": "",
      "parent": "2 - Themes T - Z/Zitronengelb"
    },
    "icon-muted": {
      "value": "{Icon.icon-muted}",
      "type": "color",
      "description": "",
      "parent": "2 - Themes T - Z/Zitronengelb"
    },
    "icon-inactive": {
      "value": "{Icon.icon-inactive}",
      "type": "color",
      "description": "",
      "parent": "2 - Themes T - Z/Zitronengelb"
    },
    "icon-neutral": {
      "value": "{Icon.icon-neutral}",
      "type": "color",
      "description": "",
      "parent": "2 - Themes T - Z/Zitronengelb"
    },
    "icon-on-subtle": {
      "value": "{Icon.icon-on-subtle}",
      "type": "color",
      "description": "",
      "parent": "2 - Themes T - Z/Zitronengelb"
    },
    "icon-on-invert": {
      "value": "{Icon.icon-on-invert}",
      "type": "color",
      "description": "",
      "parent": "2 - Themes T - Z/Zitronengelb"
    },
    "icon-on-image": {
      "value": "{Icon.icon-on-image}",
      "type": "color",
      "description": "",
      "parent": "2 - Themes T - Z/Zitronengelb"
    },
    "icon-on-input": {
      "value": "{Icon.icon-on-input}",
      "type": "color",
      "description": "",
      "parent": "2 - Themes T - Z/Zitronengelb"
    },
    "icon-primary": {
      "value": "{Icon.icon-primary}",
      "type": "color",
      "description": "",
      "parent": "2 - Themes T - Z/Zitronengelb"
    },
    "icon-primary-hover": {
      "value": "{Icon.icon-primary-hover}",
      "type": "color",
      "description": "",
      "parent": "2 - Themes T - Z/Zitronengelb"
    },
    "icon-primary-disabled": {
      "value": "{Icon.icon-primary-disabled}",
      "type": "color",
      "description": "",
      "parent": "2 - Themes T - Z/Zitronengelb"
    },
    "icon-primary-active": {
      "value": "{Icon.icon-primary-active}",
      "type": "color",
      "description": "",
      "parent": "2 - Themes T - Z/Zitronengelb"
    },
    "icon-on-primary": {
      "value": "{Icon.icon-on-primary}",
      "type": "color",
      "description": "",
      "parent": "2 - Themes T - Z/Zitronengelb"
    },
    "icon-success": {
      "value": "{Icon.icon-success}",
      "type": "color",
      "description": "",
      "parent": "2 - Themes T - Z/Zitronengelb"
    },
    "icon-warning": {
      "value": "{Icon.icon-warning}",
      "type": "color",
      "description": "",
      "parent": "2 - Themes T - Z/Zitronengelb"
    },
    "icon-error": {
      "value": "{Icon.icon-error}",
      "type": "color",
      "description": "",
      "parent": "2 - Themes T - Z/Zitronengelb"
    },
    "icon-error-on-primary": {
      "value": "{Icon.icon-error-on-primary}",
      "type": "color",
      "description": "",
      "parent": "2 - Themes T - Z/Zitronengelb"
    },
    "icon-info": {
      "value": "{Icon.icon-info}",
      "type": "color",
      "description": "",
      "parent": "2 - Themes T - Z/Zitronengelb"
    },
    "icon-rating": {
      "value": "{Icon.icon-rating}",
      "type": "color",
      "description": "",
      "parent": "2 - Themes T - Z/Zitronengelb"
    }
  },
  "Text": {
    "text-body": {
      "value": "{Text.text-body}",
      "type": "color",
      "description": "",
      "parent": "2 - Themes T - Z/Zitronengelb"
    },
    "text-secondary": {
      "value": "{Text.text-secondary}",
      "type": "color",
      "description": "",
      "parent": "2 - Themes T - Z/Zitronengelb"
    },
    "text-subtle": {
      "value": "{Text.text-subtle}",
      "type": "color",
      "description": "",
      "parent": "2 - Themes T - Z/Zitronengelb"
    },
    "text-on-subtle": {
      "value": "{Text.text-on-subtle}",
      "type": "color",
      "description": "",
      "parent": "2 - Themes T - Z/Zitronengelb"
    },
    "text-on-image": {
      "value": "{Text.text-on-image}",
      "type": "color",
      "description": "",
      "parent": "2 - Themes T - Z/Zitronengelb"
    },
    "text-on-invert": {
      "value": "{Text.text-on-invert}",
      "type": "color",
      "description": "",
      "parent": "2 - Themes T - Z/Zitronengelb"
    },
    "text-muted": {
      "value": "{Text.text-muted}",
      "type": "color",
      "description": "",
      "parent": "2 - Themes T - Z/Zitronengelb"
    },
    "text-inactive": {
      "value": "{Text.text-inactive}",
      "type": "color",
      "description": "",
      "parent": "2 - Themes T - Z/Zitronengelb"
    },
    "text-input": {
      "value": "{Text.text-input}",
      "type": "color",
      "description": "",
      "parent": "2 - Themes T - Z/Zitronengelb"
    },
    "text-input-hover": {
      "value": "{Text.text-input-hover}",
      "type": "color",
      "description": "",
      "parent": "2 - Themes T - Z/Zitronengelb"
    },
    "text-input-focus": {
      "value": "{Text.text-input-focus}",
      "type": "color",
      "description": "",
      "parent": "2 - Themes T - Z/Zitronengelb"
    },
    "text-primary": {
      "value": "{Text.text-primary}",
      "type": "color",
      "description": "",
      "parent": "2 - Themes T - Z/Zitronengelb"
    },
    "text-primary-hover": {
      "value": "{Text.text-primary-hover}",
      "type": "color",
      "description": "",
      "parent": "2 - Themes T - Z/Zitronengelb"
    },
    "text-primary-link": {
      "value": "{Text.text-primary-link}",
      "type": "color",
      "description": "",
      "parent": "2 - Themes T - Z/Zitronengelb"
    },
    "text-primary-link-hover": {
      "value": "{Text.text-primary-link-hover}",
      "type": "color",
      "description": "",
      "parent": "2 - Themes T - Z/Zitronengelb"
    },
    "text-primary-active": {
      "value": "{Text.text-primary-active}",
      "type": "color",
      "description": "",
      "parent": "2 - Themes T - Z/Zitronengelb"
    },
    "text-primary-disabled": {
      "value": "{Text.text-primary-disabled}",
      "type": "color",
      "description": "",
      "parent": "2 - Themes T - Z/Zitronengelb"
    },
    "text-on-primary": {
      "value": "{Text.text-on-primary}",
      "type": "color",
      "description": "",
      "parent": "2 - Themes T - Z/Zitronengelb"
    },
    "text-success": {
      "value": "{Text.text-success}",
      "type": "color",
      "description": "",
      "parent": "2 - Themes T - Z/Zitronengelb"
    },
    "text-warning": {
      "value": "{Text.text-warning}",
      "type": "color",
      "description": "",
      "parent": "2 - Themes T - Z/Zitronengelb"
    },
    "text-error": {
      "value": "{Text.text-error}",
      "type": "color",
      "description": "",
      "parent": "2 - Themes T - Z/Zitronengelb"
    },
    "text-error-on-primary": {
      "value": "{Text.text-error-on-primary}",
      "type": "color",
      "description": "",
      "parent": "2 - Themes T - Z/Zitronengelb"
    },
    "text-info": {
      "value": "{Text.text-info}",
      "type": "color",
      "description": "",
      "parent": "2 - Themes T - Z/Zitronengelb"
    }
  },
  "white": {
    "value": "{white}",
    "type": "color",
    "description": "",
    "parent": "2 - Themes T - Z/Zitronengelb"
  },
  "black": {
    "value": "{black}",
    "type": "color",
    "description": "",
    "parent": "2 - Themes T - Z/Zitronengelb"
  },
  "transparent": {
    "value": "{Transparent}",
    "type": "color",
    "description": "",
    "parent": "2 - Themes T - Z/Zitronengelb"
  }
}